{"Mean":{"confidence_interval":{"confidence_level":0.95,"lower_bound":164.1771815749459,"upper_bound":171.96939910930234},"point_estimate":167.7371730794067,"standard_error":1.9912158434828562},"Median":{"confidence_interval":{"confidence_level":0.95,"lower_bound":159.4301814789688,"upper_bound":165.1158406544436},"point_estimate":162.06854375272837,"standard_error":1.4796144976017265},"MedianAbsDev":{"confidence_interval":{"confidence_level":0.95,"lower_bound":7.286301777540737,"upper_bound":13.491292288738522},"point_estimate":10.697599664315488,"standard_error":1.6903939603896383},"Slope":{"confidence_interval":{"confidence_level":0.95,"lower_bound":164.7672834220621,"upper_bound":171.5389636096882},"point_estimate":168.10508156670585,"standard_error":1.7289532836457235},"StdDev":{"confidence_interval":{"confidence_level":0.95,"lower_bound":12.055008983941926,"upper_bound":28.114579554961605},"point_estimate":20.013055241624265,"standard_error":4.372864039274494}}