{"Mean":{"confidence_interval":{"confidence_level":0.95,"lower_bound":21388.5826253973,"upper_bound":22012.011524814392},"point_estimate":21688.788800973874,"standard_error":159.06258734308204},"Median":{"confidence_interval":{"confidence_level":0.95,"lower_bound":20821.103985507245,"upper_bound":21457.498870694522},"point_estimate":21096.791749141128,"standard_error":150.0510418221364},"MedianAbsDev":{"confidence_interval":{"confidence_level":0.95,"lower_bound":638.2659393931501,"upper_bound":1306.538021089026},"point_estimate":972.5550791210021,"standard_error":173.63201729750216},"Slope":{"confidence_interval":{"confidence_level":0.95,"lower_bound":21464.149549205697,"upper_bound":21992.89285674681},"point_estimate":21721.261979298513,"standard_error":135.17465376547088},"StdDev":{"confidence_interval":{"confidence_level":0.95,"lower_bound":1263.559021165783,"upper_bound":1877.5069495524544},"point_estimate":1596.8416172286443,"standard_error":157.85981103770496}}