{"Mean":{"confidence_interval":{"confidence_level":0.95,"lower_bound":1721.473610984313,"upper_bound":1755.1664007426846},"point_estimate":1737.630221979893,"standard_error":8.548167496909707},"Median":{"confidence_interval":{"confidence_level":0.95,"lower_bound":1704.9828605200946,"upper_bound":1738.2130055587502},"point_estimate":1724.4495610621,"standard_error":8.200299804555847},"MedianAbsDev":{"confidence_interval":{"confidence_level":0.95,"lower_bound":51.605292645162855,"upper_bound":83.5872677697444},"point_estimate":68.46704424235317,"standard_error":7.712226575322323},"Slope":{"confidence_interval":{"confidence_level":0.95,"lower_bound":1727.190032033254,"upper_bound":1775.0058608109284},"point_estimate":1748.7594463746152,"standard_error":12.214195222623712},"StdDev":{"confidence_interval":{"confidence_level":0.95,"lower_bound":65.32777952469563,"upper_bound":104.53235210397102},"point_estimate":85.91422755156033,"standard_error":10.042912222135593}}