{"Mean":{"confidence_interval":{"confidence_level":0.95,"lower_bound":39461449.74728506,"upper_bound":39967974.66283463},"point_estimate":39695372.4301092,"standard_error":129557.39100277516},"Median":{"confidence_interval":{"confidence_level":0.95,"lower_bound":39154336.48648649,"upper_bound":39427496.77419355},"point_estimate":39315100.02507937,"standard_error":79752.87374471988},"MedianAbsDev":{"confidence_interval":{"confidence_level":0.95,"lower_bound":432268.47941413865,"upper_bound":855932.5276859822},"point_estimate":662737.7829896081,"standard_error":107446.08008680002},"Slope":{"confidence_interval":{"confidence_level":0.95,"lower_bound":39316222.469480574,"upper_bound":39877772.51720908},"point_estimate":39557225.45367519,"standard_error":144760.79699930636},"StdDev":{"confidence_interval":{"confidence_level":0.95,"lower_bound":821475.7579612874,"upper_bound":1751348.0970321423},"point_estimate":1305871.4961211192,"standard_error":240893.4795381497}}