{"Mean":{"confidence_interval":{"confidence_level":0.95,"lower_bound":388.4534026117689,"upper_bound":403.878028040842},"point_estimate":395.4950536287461,"standard_error":3.951115908746014},"Median":{"confidence_interval":{"confidence_level":0.95,"lower_bound":380.1275702698763,"upper_bound":390.6977487997924},"point_estimate":385.0241828583596,"standard_error":2.8116853142242397},"MedianAbsDev":{"confidence_interval":{"confidence_level":0.95,"lower_bound":13.620409634688913,"upper_bound":24.28447674355682},"point_estimate":17.78065054487041,"standard_error":2.722813991951311},"Slope":{"confidence_interval":{"confidence_level":0.95,"lower_bound":388.0353103199372,"upper_bound":398.3048053385701},"point_estimate":393.0213649598839,"standard_error":2.624367039488057},"StdDev":{"confidence_interval":{"confidence_level":0.95,"lower_bound":21.18755869381688,"upper_bound":54.0761849956918},"point_estimate":39.50586776849898,"standard_error":8.19281510311908}}