{"Mean":{"confidence_interval":{"confidence_level":0.95,"lower_bound":10068418.206007464,"upper_bound":10260668.223977616},"point_estimate":10159823.55168447,"standard_error":49049.699848264034},"Median":{"confidence_interval":{"confidence_level":0.95,"lower_bound":10009949.083333334,"upper_bound":10106040.020408163},"point_estimate":10066023.100667408,"standard_error":22092.943904511074},"MedianAbsDev":{"confidence_interval":{"confidence_level":0.95,"lower_bound":219916.27748589308,"upper_bound":355739.58620446804},"point_estimate":283504.2962788462,"standard_error":33220.58403101701},"Slope":{"confidence_interval":{"confidence_level":0.95,"lower_bound":10101847.494552504,"upper_bound":10302412.078745801},"point_estimate":10193075.910288163,"standard_error":51268.217538961886},"StdDev":{"confidence_interval":{"confidence_level":0.95,"lower_bound":359174.91888373526,"upper_bound":612592.5420299942},"point_estimate":492709.15906221175,"standard_error":64732.92376269813}}