{"Mean":{"confidence_interval":{"confidence_level":0.95,"lower_bound":2573329.597072266,"upper_bound":2618186.117854653},"point_estimate":2595244.272346727,"standard_error":11431.38061665994},"Median":{"confidence_interval":{"confidence_level":0.95,"lower_bound":2546749.751666667,"upper_bound":2618242.306451613},"point_estimate":2574640.872727273,"standard_error":20061.763995875048},"MedianAbsDev":{"confidence_interval":{"confidence_level":0.95,"lower_bound":86627.73240750472,"upper_bound":133067.28967376213},"point_estimate":108982.1939066687,"standard_error":11692.585309301565},"Slope":{"confidence_interval":{"confidence_level":0.95,"lower_bound":2575981.9306851104,"upper_bound":2620479.004685935},"point_estimate":2598234.668745382,"standard_error":11382.146962018776},"StdDev":{"confidence_interval":{"confidence_level":0.95,"lower_bound":94488.67538476465,"upper_bound":134012.22773666336},"point_estimate":115220.87359159079,"standard_error":10136.51968553137}}