{"Mean":{"confidence_interval":{"confidence_level":0.95,"lower_bound":86.52052452170217,"upper_bound":89.16303309725586},"point_estimate":87.78493842573215,"standard_error":0.6745797115956029},"Median":{"confidence_interval":{"confidence_level":0.95,"lower_bound":85.28032598104349,"upper_bound":87.75708777472663},"point_estimate":86.39450930377384,"standard_error":0.6574007444173496},"MedianAbsDev":{"confidence_interval":{"confidence_level":0.95,"lower_bound":3.566911091338507,"upper_bound":5.522866826640098},"point_estimate":4.611765828779819,"standard_error":0.49332553139104934},"Slope":{"confidence_interval":{"confidence_level":0.95,"lower_bound":87.56003911585015,"upper_bound":90.49915124932053},"point_estimate":89.00289997011886,"standard_error":0.7506532090039963},"StdDev":{"confidence_interval":{"confidence_level":0.95,"lower_bound":4.933150359270101,"upper_bound":8.47841852088994},"point_estimate":6.785760680406805,"standard_error":0.9088098914173538}}