{"Mean":{"confidence_interval":{"confidence_level":0.95,"lower_bound":34.412929977084225,"upper_bound":35.08705847901873},"point_estimate":34.73866021137535,"standard_error":0.17268296856908427},"Median":{"confidence_interval":{"confidence_level":0.95,"lower_bound":33.94029034447764,"upper_bound":34.50717706013363},"point_estimate":34.23080926359614,"standard_error":0.14895153703714692},"MedianAbsDev":{"confidence_interval":{"confidence_level":0.95,"lower_bound":0.9151347098228242,"upper_bound":1.6602656086890468},"point_estimate":1.2746292671708415,"standard_error":0.18391778548829887},"Slope":{"confidence_interval":{"confidence_level":0.95,"lower_bound":34.282168425762634,"upper_bound":34.98611913567904},"point_estimate":34.623011357373045,"standard_error":0.18017200513469744},"StdDev":{"confidence_interval":{"confidence_level":0.95,"lower_bound":1.3744631978251236,"upper_bound":2.0561326288148667},"point_estimate":1.7319016887436494,"standard_error":0.17437781283759596}}