{"Mean":{"confidence_interval":{"confidence_level":0.95,"lower_bound":21382.050111544177,"upper_bound":21969.12596005791},"point_estimate":21660.011835314064,"standard_error":149.94099944060022},"Median":{"confidence_interval":{"confidence_level":0.95,"lower_bound":21033.562593703147,"upper_bound":21568.41480366118},"point_estimate":21202.358794466403,"standard_error":147.2611787041192},"MedianAbsDev":{"confidence_interval":{"confidence_level":0.95,"lower_bound":672.5838807184954,"upper_bound":1173.9165520069844},"point_estimate":889.1875848078118,"standard_error":127.72658243134357},"Slope":{"confidence_interval":{"confidence_level":0.95,"lower_bound":21726.876824419305,"upper_bound":22729.30497131646},"point_estimate":22203.106193419473,"standard_error":257.1127537004289},"StdDev":{"confidence_interval":{"confidence_level":0.95,"lower_bound":1126.5816720640676,"upper_bound":1831.2062825444525},"point_estimate":1504.4793980101003,"standard_error":180.2604996215919}}