{"Mean":{"confidence_interval":{"confidence_level":0.95,"lower_bound":23588.177098816817,"upper_bound":24638.329776218197},"point_estimate":24113.072293834197,"standard_error":267.7006650901337},"Median":{"confidence_interval":{"confidence_level":0.95,"lower_bound":22600.306897340277,"upper_bound":25734.67971758665},"point_estimate":24376.012958532694,"standard_error":878.759232774691},"MedianAbsDev":{"confidence_interval":{"confidence_level":0.95,"lower_bound":1946.0484204709778,"upper_bound":3798.3981249304215},"point_estimate":3339.0882681356043,"standard_error":496.58681847646},"Slope":{"confidence_interval":{"confidence_level":0.95,"lower_bound":22030.238168462864,"upper_bound":22790.24439524919},"point_estimate":22372.575613775833,"standard_error":194.16911705490926},"StdDev":{"confidence_interval":{"confidence_level":0.95,"lower_bound":2395.850376023474,"upper_bound":2970.312997216174},"point_estimate":2689.4417608030058,"standard_error":147.1071410837445}}